pmid,annotation
28262617,microRNA-23b suppresses [[epithelial-mesenchymal transition]] (EMT) and [[metastasis]] in hepatocellular carcinoma via targeting Pyk2.
33090406,LINC00106 prevents against metastasis of thyroid cancer by inhibiting [[epithelial-mesenchymal transition]].
32777343,Periostin and matrix stiffness combine to regulate [[myofibroblast differentiation]] and fibronectin synthesis during palatal healing.
34798144,Capsaicin attenuates TGFbeta2-induced [[epithelial-mesenchymal-transition]] in [[lens epithelial cells]] in vivo and in vitro.
37827248,Lacticaseibacillus rhamnosus GG enhances [[fin regeneration]] under [[oxytetracycline]] exposure via activating [[Wnt signaling]] and modulating gut microbiota.
25816372,Thrombomodulin promotes [[corneal epithelial wound healing]].
30376406,Keratinocyte Growth Factor Modified Messenger RNA Accelerating [[Cell Proliferation]] and [[Migration]] of Keratinocytes.
28170176,Exosomes Derived from Akt-Modified Human Umbilical Cord [[Mesenchymal Stem Cells]] Improve Cardiac Regeneration and Promote [[Angiogenesis]] via Activating [[Platelet-Derived Growth Factor]] D.
32447215,Prostaglandin E receptor EP4 stimulates [[lymphangiogenesis]] to promote mucosal healing during DSS-induced colitis.
27513293,MicroRNA Let-7b inhibits [[keratinocyte migration]] in cutaneous [[wound healing]] by targeting IGF2BP2.
29369907,Angiogenin Attenuates Scar Formation in Burn Patients by Reducing [[Fibroblast Proliferation]] and [[Transforming Growth Factor beta1 Secretion]].
26507878,Effects of Panax ginseng extract on human dermal [[fibroblast proliferation]] and [[collagen synthesis]].
25232946,"Endostar, a modified recombinant human endostatin, suppresses [[angiogenesis]] through inhibition of [[Wnt/beta-catenin signaling pathway]]."
26148015,Nucleolin enhances the [[proliferation]] and [[migration]] of heat-denatured human dermal fibroblasts.
27769028,Insulin-like growth factor 1 (IGF1) affects [[proliferation]] and [[differentiation]] and [[wound healing]] processes in an inflammatory environment with p38 controlling early [[osteoblast differentiation]] in periodontal ligament cells.
27112176,Targeting the [[cAMP]] and [[Transforming Growth Factor-beta Pathway]] Increases [[Proliferation]] to Promote [[Re-Epithelialization]] of Human Stem Cell-Derived Retinal Pigment Epithelium.
29863234,Tacrolimus inhibits [[proliferation]] and induces [[apoptosis]] by decreasing survivin in scar fibroblasts after glaucoma surgery.
36737556,Hyaluronan and Proteoglycan Link Protein 1 Activates the [[BMP4/Smad1/5/8 Signaling Pathway]] to Promote [[Osteogenic Differentiation]]: an Implication in [[Fracture Healing]].
37394884,Angiopoietin-like 4 promotes [[epidermal stem cell proliferation]] and [[migration]] and contributes to [[cutaneous wound re-epithelialization]].
33198112,beta2-Adrenergic Receptors Increase [[Cardiac Fibroblast Proliferation]] Through the Galphas/ERK1/2-Dependent Secretion of Interleukin-6.
31848327,CircRNA AFF4 promotes [[osteoblast cells proliferation]] and inhibits [[apoptosis]] via the Mir-7223-5p/PIK3R1 axis.
25421393,Periostin induces [[fibroblast proliferation]] and [[myofibroblast]] persistence in hypertrophic scarring.
25472964,TRPM7 regulates [[vascular endothelial cell adhesion]] and [[tube formation]].
30841634,Licochalcone A Inhibits [[Cellular Motility]] by Suppressing E-cadherin and [[MAPK Signaling]] in Breast Cancer.
28874692,Silver nanoparticle loaded collagen/chitosan scaffolds promote [[wound healing]] via regulating [[fibroblast migration]] and [[macrophage activation]].
30838170,Downregulation of PTPRK Promotes [[Cell Proliferation]] and [[Metastasis]] of NSCLC by Enhancing [[STAT3 Activation]].
29304536,Defibrotide Stimulates [[Angiogenesis]] and Protects Endothelial Cells from Calcineurin Inhibitor-Induced [[Apoptosis]] via Upregulation of AKT/Bcl-xL.
32167156,Low-concentration DMSO accelerates skin [[wound healing]] by Akt/mTOR-mediated [[cell proliferation]] and [[migration]] in diabetic mice.
27060743,Granzyme B inhibits [[keratinocyte migration]] by disrupting [[epidermal growth factor receptor (EGFR)-mediated signaling]].
25793633,Quercetin inhibits the [[migration]] and [[proliferation]] of astrocytes in [[wound healing]].
25647626,Angiomotin promotes breast cancer [[cell proliferation]] and [[invasion]].
27279016,Overexpression of HSPA1A enhances the [[osteogenic differentiation of bone marrow mesenchymal stem cells]] via activation of the [[Wnt/beta-catenin signaling pathway]].
26999642,The use of SHP-2 gene transduced bone marrow [[mesenchymal stem cell]]s to promote [[osteogenic differentiation]] and [[bone defect repair]] in rat.
32068954,[[Platelet-derived transforming growth factor-beta1]] promotes [[keratinocyte proliferation]] in cutaneous wound healing.
32210712,Gentisic Acid Stimulates [[Keratinocyte Proliferation]] through ERK1/2 Phosphorylation.
31653825,TET2-interacting long noncoding RNA promotes active [[DNA demethylation]] of the MMP-9 promoter in diabetic [[wound healing]].
37863979,Sympathetic activity regulates [[epithelial proliferation]] and [[wound healing]] via adrenergic receptor alpha2A.
26777999,Tranilast stimulates [[endochondral ossification]] by upregulating SOX9 and RUNX2 promoters.
32540310,Er:YAG laser promotes [[proliferation]] and [[wound healing]] capacity of human periodontal ligament fibroblasts through Galectin-7 induction.
27711210,"Signaling of Prostaglandin E Receptors, EP3 and EP4 Facilitates [[Wound Healing]] and [[Lymphangiogenesis]] with Enhanced Recruitment of M2 Macrophages in Mice."
35908001,Knockout of integrin beta1 in induced pluripotent stem cells accelerates skin-wound healing by promoting [[cell migration]] in extracellular matrix.
32393338,MSC-derived exosomes attenuate [[cell death]] through suppressing AIF nucleus translocation and enhance [[cutaneous wound healing]].
28916796,Low temperature plasma promoting [[fibroblast proliferation]] by activating the [[NF-kappaB pathway]] and increasing cyclinD1 expression.
31870566,"Oral delivery of novel human IGF-1 bioencapsulated in lettuce cells promotes [[musculoskeletal cell proliferation]], [[differentiation]] and [[diabetic fracture healing]]."
28146239,Combined PI3K/Akt and Smad2 Activation Promotes [[Corneal Endothelial Cell Proliferation]].
24365600,"Knockdown of SVCT2 impairs in-vitro [[cell attachment]], [[migration]] and [[wound healing]] in [[bone marrow]] stromal cells."
27217486,Overexpressing IRS1 in Endothelial Cells Enhances [[Angioblast Differentiation]] and [[Wound Healing]] in Diabetes and Insulin Resistance.
33420132,PDGFRalpha mediated survival of myofibroblasts inhibit [[satellite cell proliferation]] during aberrant regeneration of lacerated skeletal muscle.
28798331,MicroRNA-132 promotes [[fibroblast migration]] via regulating RAS p21 protein activator 1 in [[skin wound healing]].
31400855,"Copper nanoparticles promote rapid [[wound healing]] in acute full thickness defect via acceleration of skin cell [[migration]], [[proliferation]], and [[neovascularization]]."
26239104,Inactivation of INK4a and ARF induces [[myocardial proliferation]] and improves [[cardiac repair]] following ischemia-reperfusion.
31980634,Erythroid differentiation regulator-1 induced by microbiota in early life drives [[intestinal stem cell proliferation]] and [[regeneration]].
32392778,IL-4 and SDF-1 Increase Adipose Tissue-Derived Stromal Cell Ability to Improve Rat [[Skeletal Muscle Regeneration]].
30692273,Zfp423 Regulates [[Skeletal Muscle Regeneration]] and [[Proliferation]].
33989451,"Downregulation of SUMO2 inhibits [[hepatocellular carcinoma cell proliferation]], [[migration]] and [[invasion]]."
24356704,Galectin-3 enhances [[epithelial cell adhesion]] and [[wound healing]] in rat cornea.
31173246,Inhibition of USP4 attenuates pathological scarring by downregulation of the TGF-beta/Smad signaling pathway.
24806621,"MiR-1246 promotes SiHa cervical cancer cell [[proliferation]], [[invasion]], and [[migration]] through suppression of its target gene thrombospondin 2."
24213582,PAX3-NCOA2 fusion gene has a dual role in promoting the [[proliferation]] and inhibiting the [[myogenic differentiation]] of rhabdomyosarcoma cells.
30218983,Skin-permeable liposome improved stability and [[permeability]] of bFGF against skin of mice with deep second degree scald to promote [[hair follicle neogenesis]] through inhibition of scar formation.
32235125,"Gene Suppression of the Chloride Channel 2 Suppressed [[TGF-beta1-Induced Proliferation]], [[Collagen Synthesis]], and [[Collagen Gel Contraction]] Mediated by Conjunctival Fibroblasts."
25057055,Thrombin selectively induces transcription of genes in human monocytes involved in [[inflammation]] and [[wound healing]].
29386876,"Bortezomib inhibits [[proliferation]], [[migration]], and TGF-beta1-induced [[epithelial-mesenchymal transition]] of RPE cells."
34568499,KLF4 Promotes Diabetic Chronic Wound Healing by Suppressing [[Th17 Cell Differentiation]] in an MDSC-Dependent Manner.
32896205,TMEM48 promotes [[cell proliferation]] and [[invasion]] in cervical cancer via activation of the Wnt/beta-catenin pathway.
28754105,GIT1 gene deletion delays [[chondrocyte differentiation]] and healing of tibial plateau fracture through suppressing [[proliferation]] and apoptosis of [[chondrocyte]].
37565543,Topical metformin accelerates [[wound healing]] by promoting [[collagen synthesis]] and inhibiting apoptosis in a diabetic wound model.
29442033,MiR-224 promotes [[proliferation]] and [[migration]] of gastric cancer cells through targeting PAK4.
28195449,Effects of resveratrol on the expression of molecules related to the mTOR signaling pathway in pathological scar fibroblasts.
34656060,Ascorbic acid ameliorates corneal endothelial dysfunction and enhances [[cell proliferation]] via the noncanonical GLUT1-ERK axis.
34875533,Lysyl hydroxylase 2 deficiency promotes filopodia formation and [[fibroblast migration]].
29164558,Rapamycin facilitates fracture healing through inducing [[cell autophagy]] and suppressing [[cell apoptosis]] in bone tissues.
25928257,miR-221 facilitates the TGFbeta1-induced [[epithelial-mesenchymal transition]] in human bladder cancer cells by targeting STMN1.
33988258,Inhibiting PHD2 in human periodontal ligament cells via lentiviral vector-mediated [[RNA interference]] facilitates cell [[osteogenic differentiation]] and periodontal repair.
26088755,Elevated TGF-beta1 and -beta2 expression accelerates the [[epithelial to mesenchymal transition]] in triple-negative breast cancer cells.
29849046,Topical small molecule granzyme B inhibitor improves [[remodeling]] in a murine model of impaired [[burn wound healing]].
31922245,FoxO3a depletion accelerates cutaneous [[wound healing]] by regulating [[epithelial-mesenchymal transition]] through beta-catenin activation.
34308764,Mast cell tryptase enhances [[wound healing]] by promoting [[migration]] in human bronchial epithelial cells.
34808236,Angiogenin Released from ABCB5+ Stromal Precursors Improves Healing of Diabetic Wounds by Promoting [[Angiogenesis]].
30745845,TRIB3 Promotes the [[Proliferation]] and [[Invasion]] of Renal Cell Carcinoma Cells via Activating [[MAPK Signaling Pathway]].
30106094,Long non-coding RNA SNHG20 promotes bladder cancer via activating the [[Wnt/beta-catenin signalling pathway]].
27422612,Activation of Dopamine D1 Receptors in Dermal Fibroblasts Restores [[Vascular Endothelial Growth Factor-A Production]] by These Cells and Subsequent [[Angiogenesis]] in Diabetic Cutaneous Wound Tissues.
35280679,LncRNA-COX2 inhibits [[Fibroblast Activation]] and Epidural Fibrosis by Targeting EGR1.
31028751,Nicotinamide inhibits [[corneal endothelial mesenchymal transition]] and accelerates [[wound healing]].
33819486,Bone Morphogenetic Protein Pathway Antagonism by Grem1 Regulates [[Epithelial Cell Fate]] in [[Intestinal Regeneration]].
25414484,Functional MMP-10 is required for efficient [[tissue repair]] after experimental hind limb ischemia.
27869327,The Selective Serotonin Reuptake Inhibitor Fluoxetine Directly Inhibits [[Osteoblast Differentiation]] and [[Mineralization]] During Fracture Healing in Mice.
32016450,Silencing of RIPK4 inhibits [[epithelial-mesenchymal transition]] by inactivating the [[Wnt/beta-catenin signaling pathway]] in osteosarcoma.
31929367,Long non-coding RNA HOTAIRM1 promotes [[proliferation]] and inhibits [[apoptosis]] of glioma cells by regulating the miR-873-5p/ZEB2 axis.
36323953,Overexpression of VEGF in dermal fibroblast cells accelerates the [[angiogenesis]] and [[wound healing]] function: in vitro and in vivo studies.
24998588,"Luteolin arrests cell cycling, induces [[apoptosis]] and inhibits the JAK/STAT3 pathway in human cholangiocarcinoma cells."
24710357,"Oncostatin M mediates STAT3-dependent intestinal epithelial restitution via increased [[cell proliferation]], decreased [[apoptosis]] and upregulation of SERPIN family members."
27472295,"Effect of connexin 43 inhibition by the mimetic peptide Gap27 on [[corneal wound healing]], [[inflammation]] and [[neovascularization]]."
28233384,"Platelet rich plasma promotes [[skeletal muscle cell migration]] in association with up-regulation of FAK, paxillin, and F-Actin formation."
35364624,Amniotic fluid derived stem cells promote [[skin regeneration]] and alleviate scar formation through [[exosomal]] miRNA-146a-5p via targeting CXCR4.
30131176,Thioredoxin-1 augments [[wound healing]] and promote [[angiogenesis]] in a murine ischemic full-thickness wound model.
32342982,ADSC-Exos containing MALAT1 promotes [[wound healing]] by targeting miR-124 through activating [[Wnt/beta-catenin pathway]].
30008599,Morphine Induces [[Fibroblast Activation]] through Up-regulation of Connexin 43 Expression: Implication of [[Fibrosis]] in [[Wound Healing]].
32319539,EOFAZ inhibits [[endothelial-to-mesenchymal transition]] through downregulation of KLF4.
31199884,"MiR-19a enhances [[cell proliferation]], [[migration]], and invasiveness through enhancing [[lymphangiogenesis]] by targeting thrombospondin-1 in colorectal cancer."
34550317,EGFR-mediated [[epidermal stem cell motility]] drives [[skin regeneration]] through COL17A1 proteolysis.
27804234,Chitosan promotes [[aquaporin formation]] and inhibits [[mucociliary differentiation]] of nasal epithelial cells through increased TGF-beta1 production.
26371858,"The anacardic 6-pentadecyl salicylic acid induces [[macrophage activation]] via the phosphorylation of ERK1/2, JNK, P38 kinases and NF-kappaB."
35404150,Abaloparatide Improves Rotator Cuff Healing via Anabolic Effects on [[Bone Remodeling]] in a Chronic Rotator Cuff Tear Model of Rat With Osteoporosis: A Comparison With Denosumab.
